sha1,ip,psl
010dfdd9c80fe38385b055e01111381b2a953858,103.55.128.6,efdgh.com
0155a100854c6781f58691a6f4c9b505227b5107,43.225.142.46,zhiwus.com
0185713cc3c33b2a7a59d324213678bc358b06b6,103.211.125.186,spxkv.com
021b3ccab304c1ae4a3d1be609f4bb07ce3dc7ca,50.117.113.222,vxxng.com
028c88c99a5678b7fd1e575a99acf786a6b349b5,50.117.113.222,232sfse.xyz
0358fd756eb4f1e0d0800bc83b953648e9c86832,47.90.3.32,xmxyt.com.cn
0370f6f47a8c534337f5f17c0ab1ce38df91e0f6,103.239.73.118,xxtb5j.com
0370f6f47a8c534337f5f17c0ab1ce38df91e0f6,192.169.81.126,xxtb5j.com
03a30fc6d1fc4bc86fac85bf42d78d26ca0eea04,108.186.238.43,cn-lifting.com.cn
044b530ddbabd69db3f94fae52812b4551f0f195,103.232.215.159,zxshq.cn
044b530ddbabd69db3f94fae52812b4551f0f195,111.231.53.226,zxshq.cn
044b530ddbabd69db3f94fae52812b4551f0f195,120.132.102.221,zxshq.cn
044d2daf03b220153ed0b8d0b6b6e0df0574afd2,103.239.73.118,xxtb5j.com
044d2daf03b220153ed0b8d0b6b6e0df0574afd2,192.169.81.126,xxtb5j.com
0462d34508e9b5ba9a84601dc20a6d5808392bdf,192.169.81.126,anwokj.com
0466aecff82a1e154b2178744b0e287a72eb96f7,50.117.113.222,232sfse.xyz
04d9b11e252e6e965727d97b43bd52e3e81628d4,69.46.84.52,ngjhfg.com
05a6d984df4f6a90ab21dac75177f20edc9129c8,103.214.167.72,efyhg.com
05ac6bf20b6bfa077145da7ea5a27b3adde6b83b,47.91.204.96,cqhssm.cn
05ac6bf20b6bfa077145da7ea5a27b3adde6b83b,47.91.205.106,cqhssm.cn
05dad518ea37ed55c8976ecb1d9e889dd3d539b0,192.169.81.126,xxtb5j.com
069e5a8c5e3c4e040244d8b6a8492de8991e7c5c,96.126.99.212,jzjjwz.com
06b78d51fb64732daa4a4546fba7c71f958c01c8,23.110.241.185,zfj6zl.com
06b78d51fb64732daa4a4546fba7c71f958c01c8,58.64.156.154,zfj6zl.com
0701a43bd8805f8ba57b30b4ef0aca8aa274cbe5,119.28.41.111,mianfeihu.cn
07e2c30c76cafaff413749407a5577a7caa96929,107.148.45.162,czlcz.cn
091142acaa9e8fd8d9aaa481e7579c8576e592fa,158.69.25.93,uiijg.com
0918dc100347609eb09a563aaef36090abb81b0f,116.255.159.201,tizadu.cn
0918dc100347609eb09a563aaef36090abb81b0f,121.127.232.127,tizadu.cn
0918dc100347609eb09a563aaef36090abb81b0f,122.114.31.232,tizadu.cn
0918dc100347609eb09a563aaef36090abb81b0f,45.76.209.74,tizadu.cn
0928287d82d42676d2820285e22d98e7d00453c3,50.117.113.221,xiangqingk.com
095cfa9cf8604191abc9df95c5f70d749e99a627,103.225.197.69,yhcsjc.com
0a1d6e5a7d5a4bdf87342284b2d0de51662ab003,103.211.125.149,hpdee.com
0a553451f3ed05f9c3cb3556337c8a0505e8c80f,50.117.113.222,sdfhjhgd.xyz
0b35b7dfcc7040d8fcbbb4495fd536f61d6ada59,23.27.98.232,qingtieggj.com
0b35b7dfcc7040d8fcbbb4495fd536f61d6ada59,98.126.134.136,qingtieggj.com
0c009ff38c989cc46b9cb7cc6ca225e2b6a25a4f,123.57.41.38,skypoints.com.cn
0c2043c2b679051084da65689fcb8bd098a6f412,52.33.196.199,zfrw.cn.com
0c46ef1704a1fecb08f1ccb22feb2aaabc03768f,50.117.113.222,xjcge.com
0d2d415d95a9f20c910c074d47af8c93d3d8e664,103.239.73.118,xxtb5j.com
0d2d415d95a9f20c910c074d47af8c93d3d8e664,192.169.81.126,xxtb5j.com
0d4e6a16a3a042e6a524afaacb222a07dc0eb8e1,69.46.84.52,ngjhfg.com
0d581ca4be0f29c23d6cb37e8dd603c7dd4b447f,103.55.128.6,efdgh.com
0d581ca4be0f29c23d6cb37e8dd603c7dd4b447f,184.168.221.88,efdgh.com
0d9cf8c5ee37a73914286935ba7fc1570acd3c36,103.214.167.27,gweitd.com
0f2201e04eab77270ed9e53d39a4260333bce6cf,96.126.99.212,jzjjwz.com
0f5485c64d8083bce49565ef0dcfd4031bfa432f,47.91.204.96,cqhssm.cn
0f5485c64d8083bce49565ef0dcfd4031bfa432f,47.91.205.106,cqhssm.cn
0f562eee141128f937efdde31ac89c57835bc48f,103.232.215.135,5itrain.com
1047f7c80d8486b889f4288f05877760d81491e2,121.50.170.144,ayxydz.com
1047f7c80d8486b889f4288f05877760d81491e2,121.50.170.144,pakhyk.pw
11064571ee51da1c9ddf7cfce8887ae9190992af,216.99.156.67,njuhk.com
11064571ee51da1c9ddf7cfce8887ae9190992af,45.121.213.90,njuhk.com
11109138603224aa9d5d10615802eed5407ed921,69.46.84.52,ngjhfg.com
11420f68e43d9f1f1f46572917038e033dc8b0f7,59.188.83.28,xnzjz.cc
1171d8cfc3877dc97eb69fb0a2a0df5647a7b635,103.232.215.159,zxshq.cn
1171d8cfc3877dc97eb69fb0a2a0df5647a7b635,111.231.53.226,zxshq.cn
1171d8cfc3877dc97eb69fb0a2a0df5647a7b635,120.132.102.221,zxshq.cn
1217b002e5fccb93d0104ee9fe10f55838c8728d,69.46.84.52,ngjhfg.com
121ece3d86bff4abfa623fd5f85d78aac9013031,103.239.73.118,xxtb5j.com
121ece3d86bff4abfa623fd5f85d78aac9013031,192.169.81.126,xxtb5j.com
128da4822029e4482053685c10c37e567bf6374b,50.117.113.222,xsw123.xyz
1295957dadfae98a3e05b92bc86eb088605cfddf,192.169.81.126,mewbot.com
12e0b607275a0980c86862f3a3c6f713d803d70d,103.239.73.118,xxtb5j.com
12e0b607275a0980c86862f3a3c6f713d803d70d,192.169.81.126,xxtb5j.com
15709b9c6dbf79e17ad8e40f952f1d6dcd4f06fa,103.239.73.118,xxtb5j.com
15709b9c6dbf79e17ad8e40f952f1d6dcd4f06fa,192.169.81.126,xxtb5j.com
1596a6781b1892df27a9d488e3cf73c240027e27,210.209.88.161,wgyur.com
1596a6781b1892df27a9d488e3cf73c240027e27,69.64.147.46,wgyur.com
15e26a9c95146f16db9ecac0f3559776b874b352,98.124.204.16,ceiui.com
1643ef8eb4ae631682b7628dfe427c0dc25df18f,103.55.128.6,efdgh.com
172c7619bf21903352af81b4a50fb714308c2d06,103.214.167.72,efyhg.com
17730542f5355da85ab446e78c53fc3996b46c54,103.232.215.159,zxshq.cn
17730542f5355da85ab446e78c53fc3996b46c54,111.231.53.226,zxshq.cn
17730542f5355da85ab446e78c53fc3996b46c54,120.132.102.221,zxshq.cn
1778551760983fe66af3bb6fe28af1b385bd9107,103.55.27.165,eldjni.cn
1778551760983fe66af3bb6fe28af1b385bd9107,104.164.199.142,eldjni.cn
17c7ad1efe2454c04e59353903efc71ea96f5401,98.124.204.16,xyltll.com
1807319fe6ce9431019c6543318a83f675ada464,192.169.81.126,elvcn.com
185141a43a7f61829bbdb71a57e9040b5bfbb83e,158.69.25.93,yd68j.com
1851716b93ded162ed9b704420b298c2602d4317,107.148.45.162,czlcz.cn
185b3032a7a8c04ef4560a2128034fa30461c21d,107.148.45.162,czlcz.cn
18b920e7a4e6bb75ae2514f4f8cf788c20d977ec,98.124.204.16,ghyju.com
1911feae484540c3efcf22776084872846bfd797,118.193.171.196,nuio8.xyz
19da860bc47c22b86b82679567ce983d0e170a25,69.46.84.52,ngjhfg.com
1a20774798603995756158cb51ff1d0ef052b86d,118.193.229.212,huicv.xyz
1aba851f541751f49b946d9d4195050f97c94363,118.193.229.205,qawsez.xyz
1cc512db411f384d6155a69e8ed6297fba9477e4,192.169.81.126,xxtb5j.com
1e8759b8eaee420e0bbcef2327ac784aad6d6bca,103.75.15.174,hajiw.com
1e8759b8eaee420e0bbcef2327ac784aad6d6bca,184.168.221.81,hajiw.com
1e8759b8eaee420e0bbcef2327ac784aad6d6bca,50.63.202.77,hajiw.com
1eb9edbec4395390d43559063ee6a7f952e8342a,216.99.156.67,njuhk.com
1eb9edbec4395390d43559063ee6a7f952e8342a,45.121.213.90,njuhk.com
1ef67765bb2cb414be3a28251f349a98c51c6b71,50.117.113.222,xsw123.xyz
1fcccd1dff6a10e207fa0d5d05e9498a974c7d86,103.214.167.72,efyhg.com
205860f1ad823b78272e54e835742306868ee16b,98.126.134.136,qingtieggj.com
205d4b1b00e54cebb020036b20c640c28a28476a,50.117.113.222,xsw123.xyz
20d9499b250c7435defe45caac4c76ac9f012316,210.209.121.106,deojh.com
20d9499b250c7435defe45caac4c76ac9f012316,98.124.199.27,omjuh.com
213464f22b3dceb8cefffddf68d411b8c1340d25,45.119.94.51,spxvd.com
214a9fde6e71720f61a2b72c7a0b31b54c87fafb,184.168.221.88,efdgh.com
21d9fb8f8b916ad1e2cb3dd1febca777862736ec,103.232.215.159,zxshq.cn
21fbbe0ea77896d2afe3dc6cf3d5419ae1769d1b,69.64.147.39,xurku8.com
225f8c3d0cb2a25a317433f6fd02c8c15e0ed841,136.0.102.43,hetoe.com
226686ba3fb2da541a94c7f9b52287753c630678,45.127.99.178,twblk.com
228313ed931ae726949752eb4264150f442743dd,103.55.27.165,eldjni.cn
228313ed931ae726949752eb4264150f442743dd,104.164.199.142,eldjni.cn
2292c72baedc65edc7dda9400bbb5189ead31bf6,192.169.81.126,xxtb5j.com
2367ce2f46175a360430643c8b85f8bd741f28b5,50.117.113.221,fliuodv.com
2367ce2f46175a360430643c8b85f8bd741f28b5,69.46.84.52,fliuodv.com
23881a17d2c524a9729503079ac2e7d3f6b58ed4,98.126.219.33,sczls.cn
24601042438931f059159b4c1bfbb381ca1cf5c2,67.198.188.32,ewangqiye.cn
24829b54e7604252d5e37ef05904ef773b4d20d6,103.214.167.76,wineku.cn
24829b54e7604252d5e37ef05904ef773b4d20d6,103.214.167.76,ynht66.cn
2494ce6501eb3d1435d41627a06da9952ae4dbdd,103.225.197.69,yhcsjc.com
2494ce6501eb3d1435d41627a06da9952ae4dbdd,104.216.136.199,yhcsjc.com
2509d42c88d748d9ee79ec5038eea34d4945831b,103.214.167.27,gweitd.com
251b024655fa7d1169b8cadf7f633750ce06fe15,47.89.58.141,shipinff.com
251cef29a8f10575248e7c4d4efe106e7fe93238,118.193.172.37,uisu2.xyz
254d64f91b92ad9bdb8707475b3f6f951e2fb84a,50.117.113.222,vxxng.com
257d8c1eaa05ccebf2cce417640fbc3b909051c3,103.239.73.118,xxtb5j.com
257d8c1eaa05ccebf2cce417640fbc3b909051c3,192.169.81.126,xxtb5j.com
25878ca8193ee824e270306e87e3c06e4a645358,118.193.171.196,nuio8.xyz
26a8d8d3e4bc341a62b07cbcc4f3738f0c57d8bf,50.117.113.222,xjcge.com
26f45dc94f79470fa8a97daad9aa196de3d912f9,43.251.104.35,leistar.cn
2702749f18778d007da796072f10a2ad16beaa6d,50.117.113.222,xsw123.xyz
2702c2729f2c39c5aa031642b7dcad8bf52645cb,123.57.41.38,skypoints.com.cn
27058e15855d6c3fb34e0d54296a81c1f69cae9d,50.117.113.222,xsw123.xyz
2784665025c6b1d2ad48e9b73d34314ad2599e55,108.186.238.43,cn-lifting.com.cn
27b26b1521f50af0923e6dfa6ef735aac0dfedf0,118.193.229.212,huicv.xyz
27ccc19a868ef42de292d71e1b35bfb4deabf92b,69.46.84.52,ngjhfg.com
283e00444c93ca5720ac656348f3973b4e51c511,108.186.238.43,cn-lifting.com.cn
28413926682af7b91d80546367b8ef036ad6a14a,50.117.113.222,nmio2.xyz
296111e05bc216019f8fe3aa3943f413c4d4ae5c,103.214.167.76,wineku.cn
2a1e79f85ae2795cdc7888d70e07870090754c9e,69.46.84.52,ngjhfg.com
2a42e145aed3145c1c17c25333dfdce64e3c44a3,98.126.219.33,sczls.cn
2a571edc9ea91838c2b068a9d312500527bdac7a,210.209.121.106,deojh.com
2bb02921d135e871f1d37757c2ee9aa42e15489b,23.110.241.185,zfj6zl.com
2bb02921d135e871f1d37757c2ee9aa42e15489b,58.64.156.154,zfj6zl.com
2be8a7238e77ba8e7b7833ed2034b7f399c7db10,103.55.128.6,efdgh.com
2c7865c1dfdcd37f56e9f9cf1fe745a5e89fe9c1,103.55.128.6,efdgh.com
2c9dc27207ad3f789673e0435d7481b6ffbcf072,103.239.73.109,hpdfe.com
2d1a2c67fba692be25d5882558fa612183f78f75,103.211.125.149,hpdee.com
2dfde7fcd98e63c2299cc87b5947a1a1e29738e8,45.119.94.51,spxvd.com
2e04e7434ce4df79f2706a2c9608753a7518f35f,23.110.241.185,zfj6zl.com
2e04e7434ce4df79f2706a2c9608753a7518f35f,58.64.156.154,zfj6zl.com
2e99b65b2ff5568b1732b4595a3a48f6993f7208,50.117.113.222,xsw123.xyz
2ead5f5792358cabe0e8d4731840ad30862a3f04,103.211.125.149,hpdee.com
2ebacb8daedb8276a8f3c04c859aba8fcc064af4,103.55.128.6,efdgh.com
308357707a079092cccce30d9febb39552a9a38c,141.8.226.58,xiaoy.pw
30e7e37d35cc4dacb1a5325e6441210374a3a81a,121.50.170.144,ayxydz.com
310da57603cdcb476ab7b8f3ff5e876e0b68de03,47.88.79.222,58.cn
32073f48d3cf189f32cb610c55a3200018700d3d,50.117.113.222,uisu2.xyz
325ae6026334cdf2a7a78d99030ed2874cd5302d,50.117.113.221,xiangqingk.com
325ae6026334cdf2a7a78d99030ed2874cd5302d,69.46.84.52,xiangqingk.com
3368523060b4e925be1cf607ee8014e1136de4e0,162.209.142.103,gtyfh.com
3444b0e447703c6b5afc3b534f50d6b2e8fb849d,96.126.99.212,jzjjwz.com
3523c740c970359c2620e1fe846dd09d68ff720f,103.214.167.72,efyhg.com
365a0156335f0604f036ce00e53443703d11d1df,50.117.113.222,xsw123.xyz
3660aacf300b5e74966dce2ddef43e66f658306b,123.57.41.38,skypoints.com.cn
3723b30b2870514efbc811f21505ccf49344316e,69.64.147.39,xurku8.com
373f1a90d60684cc0c3e455f9a7b9608105fb7ce,45.116.78.89,yingjib.com
3827776b1e2a92d66b2c0e45be0f23685dbfffc0,103.55.128.6,efdgh.com
38520cfb97636cfe8b1a648fd48a657a7dc69e59,103.239.73.118,xxtb5j.com
38520cfb97636cfe8b1a648fd48a657a7dc69e59,192.169.81.126,xxtb5j.com
387d6262a3d4e13f00b8a60e77ceaf4fe7576ab2,103.214.167.76,ynht66.cn
38ef86320e0dc2316d78a16942de3b9670758ee0,103.225.197.69,tsyrjy.com
398877e63611ae9e58c88e027f844520b752b776,158.69.25.93,bx6bj.com
3a5c34c209585779fb1303bbd102fc45dcb4298e,45.116.78.89,ccjid.com
3a5c34c209585779fb1303bbd102fc45dcb4298e,50.117.113.220,ccjid.com
3a702f3d3f39c995b9e25a0686e98199a4e385e4,103.239.73.118,xxtb5j.com
3ae3d6584b1e15f99bcf8c2bb02b95d8977f5d28,192.155.182.201,6nuan.com
3b2115d0c2c87e4d9a9f2c65bab6d59baaaaade1,119.28.41.111,mianfeihu.cn
3b329a7294b8e62199acd70cf07fbf6e840a3376,47.88.213.137,jnctx.pw
3b35962c224232672fd4a8622837dff66e81a6eb,107.148.45.162,czlcz.cn
3b35962c224232672fd4a8622837dff66e81a6eb,210.209.69.98,czlcz.cn
3b6429dfa42624f7f6eba80ba7e4013a0b902fd5,107.148.45.162,czlcz.cn
3b6eb08ba63bd1270eadab5a07e7fb978a6f812d,45.116.78.89,zzklia.com
3b92e8886162413f5adb1b5d6a02bba70c256360,162.209.144.34,mewbot.com
3b92e8886162413f5adb1b5d6a02bba70c256360,172.255.91.237,mewbot.com
3b92e8886162413f5adb1b5d6a02bba70c256360,192.169.81.126,mewbot.com
3b92e8886162413f5adb1b5d6a02bba70c256360,210.209.88.56,mewbot.com
3c63b19fd846053713ab4524181c21c996f3475e,47.89.58.141,shipinff.com
3da8b1a71c7c4b907584d20095ad7cc6dd798c27,50.117.113.222,xsw123.xyz
3edd18252d126bb06f8732b0e13b88446ed88b94,111.47.226.155,eraup.com
3edd18252d126bb06f8732b0e13b88446ed88b94,117.23.61.110,eraup.com
3edd18252d126bb06f8732b0e13b88446ed88b94,117.23.61.23,eraup.com
3edd18252d126bb06f8732b0e13b88446ed88b94,118.212.233.216,eraup.com
3edd18252d126bb06f8732b0e13b88446ed88b94,180.97.158.204,eraup.com
3edd18252d126bb06f8732b0e13b88446ed88b94,180.97.158.230,eraup.com
3eea5bcdae4aec603042fa2ebbe23f2a1e8efdb6,210.209.69.98,miozs.cn
3f66d0e8db31a2290bd1d1c518fbb3d8d4e8797d,103.55.128.6,efdgh.com
3fac6978fbb2c2bf015d477b81762727bd2a8cb8,158.69.25.93,uiijg.com
4094f59460abc66b84989e8eeff11af01da17a7a,103.73.97.210,wnnzb.com
4094f59460abc66b84989e8eeff11af01da17a7a,45.35.200.177,wnnzb.com
40d660c24a6f57f6b97f321b2a3db5f3c03070ab,59.110.16.44,xhhyp.com
40d660c24a6f57f6b97f321b2a3db5f3c03070ab,60.205.58.26,xhhyp.com
410416e78b9969be5f653e7fdf3e2615f582971f,96.126.99.212,jzjjwz.com
42165805c8f17e9e67315970479b40e64d315fb7,103.232.215.159,zxshq.cn
42165805c8f17e9e67315970479b40e64d315fb7,111.231.53.226,zxshq.cn
42165805c8f17e9e67315970479b40e64d315fb7,120.132.102.221,zxshq.cn
4382a40749a98fb8e35375307ca6385a5e698165,192.169.81.126,anwokj.com
43850644eeaacd055ac3c1656858856c9818b8dc,110.34.168.222,jkter.com
43bf6d809b5cd669b251eb03f1f119fb7a20a94b,103.48.171.196,bbrsn.cn
43bf6d809b5cd669b251eb03f1f119fb7a20a94b,116.255.178.249,bbrsn.cn
43bf6d809b5cd669b251eb03f1f119fb7a20a94b,50.117.113.220,bbrsn.cn
43d0abdcbc640c5fe6626ab1c34fe7bf0cb0aa58,69.64.147.36,wgyur.com
44f32efddc5541163044ea3f4323ed43631d6573,113.10.149.175,bqmwk.com
452ed6e7fa76b89d62d201932f3a9bb770d216e8,103.55.128.6,efdgh.com
460eab0ce6d30c1d9c28a8a5f3106dcb03bd9429,47.91.204.96,cqhssm.cn
460eab0ce6d30c1d9c28a8a5f3106dcb03bd9429,47.91.205.106,cqhssm.cn
46beac23e90b6c1568c075f750d0070edc131d34,45.127.99.178,twblk.com
46ce327112ef2b8bb04b9eb41dd642b6d29ae07e,123.57.41.38,skypoints.com.cn
46e7a4d6e0e8a2516a365c31c000cd5d23c89ca4,118.193.171.196,nuio8.xyz
47e33acd0711b45f6c193960e23b7bac3bbc0c5c,216.99.156.67,njuhk.com
47e33acd0711b45f6c193960e23b7bac3bbc0c5c,45.121.213.90,njuhk.com
480801c7afa2df47ddbd7d353d861da845fc4ac4,103.55.27.165,eldjni.cn
480801c7afa2df47ddbd7d353d861da845fc4ac4,104.164.199.142,eldjni.cn
4882e824ca23b7f96903fbb636bd1449d30b70c6,103.14.102.116,291206.net
488bf59e15bd46d358d0d5a5bff83a32934c91bb,141.8.226.58,aszb.pw
495ee792ec73f9c10c30d2d7121a16ef776a460c,45.116.78.89,yingjib.com
4a3897b533af2c965f7fcd029b522e062bf1a10f,50.117.113.222,xsw123.xyz
4aa99ed51ced3ec8ee31eb05f265f9eac783fab3,45.116.78.89,tengxsx.com
4af1310fcb1f0d0ad4babbca0c7e3b1ddef3e185,118.193.172.37,uisu2.xyz
4b0d5a5bfb873d8b833cbca4d4ea5752742edac8,118.193.229.212,huicv.xyz
4b898ac936f8c1c8e766fc978ba952e8f68a1626,50.117.113.222,laonaoshu.pw
4ccabc44cf689d6d2249c15e145ea0dc4b552674,50.117.113.221,xiangqingk.com
4cf3b209102c6b0ebe98f2411d95a302da4a3001,67.198.188.32,ewangqiye.cn
4cf7dd2e1a525a98034b4dbc21d4866cc3d1ed4f,50.117.113.222,xsw123.xyz
4d5bc0c6f8ff84a0ebe75b8fd22c75e1f2d1d33e,50.117.113.222,232sfse.xyz
4f99647735ca4417f7f1141b8fb92de27e923d3e,119.28.41.111,mianfeihu.cn
500c4f7c20f4f5011a0f095e51a09385df923952,47.89.58.141,shipinff.com
5027297c04f30e73ac9d7a12308604d72153ec8b,47.89.58.141,shipinff.com
50a14598cd5acd0b2bf57be7d2839a355d422d86,192.169.81.126,xxtb5j.com
50b21dc64a9af851aa7f7a00d96693caf7bdd370,119.28.41.111,mianfeihu.cn
510f35022787ab78912c4370924e0f0a048dc1c9,69.46.84.52,xiangqingk.com
5142f3d3fbb7392cad50ae8ab0e1b8f2ae9f70e0,45.116.78.89,azaen.cn
519d54640fbbbf3db2d8f57befa8fd7f1f29b69c,108.186.34.205,8818ka.cn
521e1333ed1e75d524c4f9f8c2788a319bb41094,123.206.81.173,niuzwp.cn
521e1333ed1e75d524c4f9f8c2788a319bb41094,47.52.173.132,niuzwp.cn
522dd46577d23af7da3b87a67295d94366bb1301,47.88.79.222,58.cn
530caed4f8e2924de04c25935b37b84ee271a3af,141.8.226.58,dhake.pw
53c8fa2da09de4c4d91b0a9d0d86c70821cd1438,192.169.81.126,sjzas.com
53f6ab66a8c28f579bde50cfc6e8663715a1c8a0,50.117.113.222,232sfse.xyz
5459d555ead6b51b6da6cf0cebd6e927f59ff6c8,47.90.13.16,lkuyn.com
549f4c96312761f0898fdd3691080346a64ea89b,101.200.163.103,idaiezaocan.com.cn
54c6f5bbfa068b64ad1cfe7ae60f88a71eb9fd91,98.124.204.16,ghyju.com
55bf019f9a8c2da49aea907fde9f1556c6b26a77,103.214.167.76,ynht66.cn
56009b537265f116c8e5660bc38baa7216c72a46,103.55.27.165,eldjni.cn
56009b537265f116c8e5660bc38baa7216c72a46,104.164.199.142,eldjni.cn
569bac2dfecbcb124a1a72e0fd77933c33b5cda6,103.239.73.118,xxtb5j.com
578da911f83194f23f3d138f33cf9d162b6a11e4,50.117.113.222,sdfhjhgd.xyz
57daf4e4997b2810528af23205c2cfa6d486dcbb,69.64.147.36,wgyur.com
57fbc7d77318c083b9d6d7f56e59d27105c2fb35,23.27.91.99,feijijin.cn
583a0d4283143fd9c6fe95d0c01c8ed3df334a2c,69.64.147.39,xurku8.com
58bda399992607e7538c083cf127a770e1b08a60,101.200.163.103,idaiezaocan.com.cn
5ae62e9d8391b6152e5e54120f57a2a69d5980f7,45.116.78.89,ccjid.com
5ae62e9d8391b6152e5e54120f57a2a69d5980f7,50.117.113.220,ccjid.com
5aefde90dc1f0278c1135f3087fa4b5ee4a3c14c,182.61.97.18,yeiuy.com
5c198347f7062c73f91e8f36ecc40240542955a2,98.124.204.16,jnxza.com
5c19c7cf727f7dd07e9eac40b94cf023ba00f5d3,103.232.215.159,zxshq.cn
5c19c7cf727f7dd07e9eac40b94cf023ba00f5d3,111.231.53.226,zxshq.cn
5c19c7cf727f7dd07e9eac40b94cf023ba00f5d3,120.132.102.221,zxshq.cn
5db034087230e41c868dc0b4aa041dbc2299438e,108.186.169.133,fdlky.com
5db034087230e41c868dc0b4aa041dbc2299438e,45.35.36.166,fdlky.com
5dd2c70af3285e3aa16ad55f893ff2fe8a6cc157,45.119.94.51,spxvd.com
5f8616245f4a8729ec6ff014a91c81d4fb19c4b1,103.55.128.6,efdgh.com
5f942fc1762e0243d44d83a3acf36d28718e6425,107.148.45.162,czlcz.cn
6030660ea4fdea011bbd98d708c6bc29043f8737,103.55.128.6,efdgh.com
60e4d40db6470b38ecd886366e9e59c96b00aea3,210.209.121.47,omjuh.com
60ef12e46038b62f4c07f49a50bebb2372ed8590,118.193.229.205,qawsez.xyz
60f8ab4787f824909a503bb85eb29a248c5a203e,103.214.167.82,xpspv.com
61b045d1a65834c286cbb6ac2d9d48bee8000f9b,47.90.3.32,xmxyt.com.cn
6302861e2e9e4ba0c78be5ec582f3c3e8f93794f,59.110.16.44,xhhyp.com
6302861e2e9e4ba0c78be5ec582f3c3e8f93794f,60.205.58.26,xhhyp.com
6383cf35cd287b14faca9a47734d5e264f2b1143,192.169.81.126,anwokj.com
6497b4d56c3b1dc8d90d04841df572946114e4d1,118.193.229.212,huicv.xyz
6497b4d56c3b1dc8d90d04841df572946114e4d1,50.117.113.222,teefbbnhg55668.xyz
64f6c5c65176d1b3f24d64831be2e96b2b868c58,103.225.197.69,tsyrjy.com
64f6c5c65176d1b3f24d64831be2e96b2b868c58,23.245.75.134,tsyrjy.com
64f6c5c65176d1b3f24d64831be2e96b2b868c58,23.88.142.213,tsyrjy.com
654661e4d310d7b42d6f5cd7f05d01ef175a02ec,192.169.81.126,xxtb5j.com
6572bccc1a8a17de66f43cf41aa2753ce89c5d17,192.169.81.126,anwokj.com
65b7d076c96d7607fd030eeae15c022db1274a5a,50.117.113.222,xsw123.xyz
65cbe9e520a9835babfa14e0ad8630a9ac6d8152,103.100.208.171,sxhylt.cn
65ce9f893bac79faf7cce724760d898994979f5f,123.57.41.38,skypoints.com.cn
669ded1991865a4263e2afe8a72b92afea7a0046,103.55.128.6,efdgh.com
669ded1991865a4263e2afe8a72b92afea7a0046,50.63.202.83,efdgh.com
683a2a8bbd4418f5840df41912029253c37a47ca,45.127.99.178,twblk.com
68af3a812fa7772020100b5ae5b9679fd880c995,123.206.81.173,niuzwp.cn
68af3a812fa7772020100b5ae5b9679fd880c995,47.52.173.132,niuzwp.cn
69361c94b03cc3366cc82a4344463bf795f713e9,103.211.125.149,hpdee.com
6974353112de8696a8973e8844139d9a237eb223,118.193.172.37,uisu2.xyz
6974353112de8696a8973e8844139d9a237eb223,50.117.113.222,uisu2.xyz
697ab4dee64d1b66f6665c564250e1f6e82e2dd6,202.108.35.224,2696223530.applinzi.com
697ab4dee64d1b66f6665c564250e1f6e82e2dd6,202.108.35.225,2696223530.applinzi.com
697ab4dee64d1b66f6665c564250e1f6e82e2dd6,220.181.136.30,2696223530.applinzi.com
697ab4dee64d1b66f6665c564250e1f6e82e2dd6,220.181.136.41,2696223530.applinzi.com
697ab4dee64d1b66f6665c564250e1f6e82e2dd6,220.181.136.55,2696223530.applinzi.com
69919757dc53d2d53d6fef0d6cbae53ecc79a69f,50.117.113.222,232sfse.xyz
69ed7035bb06028e148f4a324411cf3064db2c89,23.27.98.232,qingtieggj.com
69ed7035bb06028e148f4a324411cf3064db2c89,98.126.134.136,qingtieggj.com
6ac156941e04d908a2bee489ffc1a98c9284cd1a,118.193.212.40,appsr.pw
6af93f67de4bbc8529bedcbe884dc96754e839fc,122.9.7.20,ck2gs.com
6af93f67de4bbc8529bedcbe884dc96754e839fc,158.69.25.93,ck2gs.com
6bec9db83160a216163ad238abcfba3bd3200ab9,50.117.113.222,xsw123.xyz
6dc151c996542ffe0f07ebb082f3831da52daa14,121.50.170.144,ayxydz.com
6dc80e9b89fbee6dae1eda432e424c143fb8f7f6,141.8.226.58,xiaoy.pw
6dc9a1d5d725350faf4689077832a4f005f6f506,45.127.99.178,twblk.com
6de1b9305b9912ec6cc4d23b5b6b6151d68ef18e,98.124.204.16,jnxza.com
6e051d1d9ef02b16e97fb65459928bca4f4cc5fd,45.127.99.178,twblk.com
6ec3fd0123c4c688c809fc0ff0471a27a2185f07,103.14.102.117,jhmbgj.com
6f58d88b2693709899605d1b4dbbf474d1942ee1,103.55.128.6,efdgh.com
6f77c89b06107a18f4872f261d60e32732fe04d4,113.10.149.175,bqmwk.com
6fac097c8c9beaf1d36337b4db811be9d96140d5,118.193.229.205,qawsez.xyz
703f230e0cb6d0d20616f47f4a3037ac300ed955,45.127.99.178,twblk.com
711dfd4baf2aa22935d317076bebac847a12cc0b,47.91.204.96,cqhssm.cn
711dfd4baf2aa22935d317076bebac847a12cc0b,47.91.205.106,cqhssm.cn
7190d0ee6ff71ee3348835e4203fa6fb6430f213,45.116.78.89,azaen.cn
71f901303f66219f751fd5601fd62060049b29c8,50.117.113.222,xjcge.com
72fea294e19a983e278478dd3cc6ae72763c8f8e,103.232.215.159,zxshq.cn
72fea294e19a983e278478dd3cc6ae72763c8f8e,111.231.53.226,zxshq.cn
72fea294e19a983e278478dd3cc6ae72763c8f8e,120.132.102.221,zxshq.cn
734d49e10520843f965451a51142851e1917c6cd,98.126.134.136,qingtieggj.com
74902ceafb5c726f1298a6c68a25623e848e02cb,192.169.81.126,fdlky.com
757758dfc943357e5a697901d0d94fccf24ad115,202.108.35.224,2696223530.applinzi.com
757758dfc943357e5a697901d0d94fccf24ad115,202.108.35.225,2696223530.applinzi.com
757758dfc943357e5a697901d0d94fccf24ad115,220.181.136.27,2696223530.applinzi.com
757758dfc943357e5a697901d0d94fccf24ad115,220.181.136.30,2696223530.applinzi.com
757758dfc943357e5a697901d0d94fccf24ad115,220.181.136.41,2696223530.applinzi.com
757758dfc943357e5a697901d0d94fccf24ad115,220.181.136.43,2696223530.applinzi.com
757758dfc943357e5a697901d0d94fccf24ad115,220.181.136.55,2696223530.applinzi.com
76afa98b833aa35b3f6ffa09e2b76d282937db46,103.75.15.174,hajiw.com
76ef38b9c4dda9f4b5ea451d6a5cdc0b3fe757b9,103.211.125.149,hpdee.com
770562bedee8212fa6e3f44a8dfec349d029f9ac,98.126.219.33,sczls.cn
7738c2d12a216a85fb7179a104dddc77b6e7c60c,141.8.226.58,xiaoy.pw
776d580908bf2de481fbd3b1c27930f24d92927e,192.169.81.126,xxtb5j.com
78f415e6ce79e94ecf7cb5f2a8cb3826ae14578f,118.193.171.196,nuio8.xyz
790ed55dbbf862afc53e702ba4801b9fc372eb2c,158.69.25.93,dx3zp.com
7961691ec48610678a75a0635ad2821c5ff975b1,103.42.29.73,chenxe.com
7961691ec48610678a75a0635ad2821c5ff975b1,184.168.221.89,chenxe.com
7961691ec48610678a75a0635ad2821c5ff975b1,50.63.202.78,chenxe.com
7961691ec48610678a75a0635ad2821c5ff975b1,50.63.202.84,chenxe.com
7c3a203f1ac8984ea168ffa944bfc71a3e9a41c6,118.193.229.212,huicv.xyz
7c7440cd2b3dcc8318d27c64c1ba0c65deaa069a,192.169.81.126,mewbot.com
7cd7b3c4510aa3a1325f78ef688ecd9cc1e06cd2,47.91.204.96,cqhssm.cn
7cd7b3c4510aa3a1325f78ef688ecd9cc1e06cd2,47.91.205.106,cqhssm.cn
7cd88bd383af4553a685b32e1044cf4f70731938,50.117.113.222,quufc.pw
7cfb9911b3ea82d9a98411771a85194d03285709,118.193.229.212,huicv.xyz
7d438432a7a56ffde80f12e0ff7cbba3cb492563,50.117.113.222,xsw123.xyz
7e09f988d0c969c6abbe1c9ba0939a471c0f9eec,123.57.41.38,skypoints.com.cn
7ead40adce25e8ebdb8d3e6bd2e3037f61249cbf,116.255.159.201,tizadu.cn
7ead40adce25e8ebdb8d3e6bd2e3037f61249cbf,121.127.232.127,tizadu.cn
7ead40adce25e8ebdb8d3e6bd2e3037f61249cbf,122.114.31.232,tizadu.cn
7ead40adce25e8ebdb8d3e6bd2e3037f61249cbf,45.76.209.74,tizadu.cn
7ec0cbe66e244efcf82ab6d721d871e6939eb893,50.117.113.221,xiangqingk.com
7ec0cbe66e244efcf82ab6d721d871e6939eb893,69.46.84.52,xiangqingk.com
7f2a13b4c0a6b84b94b7321d28601f7efc7d8df7,141.8.226.58,dhake.pw
8034f7d83b28e8eacf07155146ee26751e9b74d6,50.117.113.222,ghophy.com
80393407eebf768d299117121f1d02e64630a86c,118.193.229.212,huicv.xyz
8043983a8268c2f618c0ca332d923ba0974fa76e,103.55.128.6,efdgh.com
80bbb3d15b038543913d364f18530801f15a3b86,158.69.25.93,dx3zp.com
80e618e300cc21505c90db5b39ba6fecdb8d40f4,216.99.156.67,njuhk.com
80e618e300cc21505c90db5b39ba6fecdb8d40f4,45.121.213.90,njuhk.com
81b7fd1aad1fa7d5636b7cea173df4cc7920c0a4,69.46.84.52,ngjhfg.com
82e61c38de671a33eaf638cd6b93a7661554f934,121.54.163.251,dertw.com
82f4c3bca66151d5f7ad1327c3952f5e183b9261,103.214.167.76,wineku.cn
83e49681552c83370d89ffd7885876ecca207b73,103.211.125.186,spxkv.com
845cda01d9acdee2faaa2f403f4f9eca703c59b4,103.48.171.196,bbrsn.cn
845cda01d9acdee2faaa2f403f4f9eca703c59b4,116.255.178.249,bbrsn.cn
8479f7d990bc72a3cb7ca279bf5d908f6f1972bb,103.232.215.159,zxshq.cn
8479f7d990bc72a3cb7ca279bf5d908f6f1972bb,111.231.53.226,zxshq.cn
8479f7d990bc72a3cb7ca279bf5d908f6f1972bb,120.132.102.221,zxshq.cn
85d0d3766ad99fff51984c120ea66602cd896e3d,118.193.229.210,76j76je.club
86214004b60f2724fbce57b98a517a88a8edaccc,59.110.16.44,xhhyp.com
86214004b60f2724fbce57b98a517a88a8edaccc,60.205.58.26,xhhyp.com
865babaa04713d6398c68fa262ef877184f6d9f6,43.225.142.46,zhiwus.com
8682f61a0a68213cc3c2efb4b2ab1e73cefcaefe,50.117.113.221,mhgngf.com
8682f61a0a68213cc3c2efb4b2ab1e73cefcaefe,69.46.84.52,mhgngf.com
8705fa752afcf8ac2c8232f5ee11496051def3a4,103.214.167.72,efyhg.com
8711f96e3a37e10d62098786cf672a3659187ed9,96.126.99.212,jzjjwz.com
87d8e9c2e13265675da5f3fdef0e1b7e1f3057ed,103.232.215.159,zxshq.cn
87d8e9c2e13265675da5f3fdef0e1b7e1f3057ed,111.231.53.226,zxshq.cn
87d8e9c2e13265675da5f3fdef0e1b7e1f3057ed,120.132.102.221,zxshq.cn
88c75440b0920d5d9b48c4f1a9a99e8010128da1,103.211.125.149,hpdee.com
88c75440b0920d5d9b48c4f1a9a99e8010128da1,50.63.202.91,hpdee.com
893d9d16c6e30813fb0b16165f27371778260f2f,103.239.73.109,hpdfe.com
897fb99e14870145383745ae1920952611da53a7,98.124.204.16,jnxza.com
89acbfba61ffce5843f5c9fdf0563854de51af3e,67.198.188.32,ewangqiye.cn
89c565e24167f6eaa97137f365b9717bdc3140ec,50.117.113.222,xsw123.xyz
8a24fefe26cf08a2a3e123d5126739756bd2e862,50.117.113.222,232sfse.xyz
8a66adcafd57f67aea3d591c6dee270321c5e9c4,103.42.29.73,chenxe.com
8a66adcafd57f67aea3d591c6dee270321c5e9c4,184.168.221.89,chenxe.com
8a66adcafd57f67aea3d591c6dee270321c5e9c4,50.63.202.78,chenxe.com
8a66adcafd57f67aea3d591c6dee270321c5e9c4,50.63.202.84,chenxe.com
8a9fc3ddf433101d1edc3b359d4c7700665a032b,50.117.113.222,xjcge.com
8ac8fd22d6d42165f94394ae098c5ecdf1e4be1e,50.117.113.222,xsw123.xyz
8bc6e39fbdafc3a051ed85688adb3a493466e620,103.14.102.117,jhmbgj.com
8bcb6e0a05eef6fab0d0e60b5a11690f3c767bfb,162.209.144.34,mewbot.com
8bcb6e0a05eef6fab0d0e60b5a11690f3c767bfb,172.255.91.237,mewbot.com
8bcb6e0a05eef6fab0d0e60b5a11690f3c767bfb,192.169.81.126,mewbot.com
8bcb6e0a05eef6fab0d0e60b5a11690f3c767bfb,210.209.88.56,mewbot.com
8bd4a2e5eed61b5e292a79b06182ddcffd737ea6,45.116.78.89,ccjid.com
8bd4a2e5eed61b5e292a79b06182ddcffd737ea6,50.117.113.220,ccjid.com
8be510d19fbc622c640e01353a6ca07f39060642,103.211.125.149,hpdee.com
8c3456048a4a60170bd04db11cdab05a5244fbbb,50.117.113.221,fliuodv.com
8c3456048a4a60170bd04db11cdab05a5244fbbb,69.46.84.52,fliuodv.com
8c4e3ab7893c2699414a90322b97b3f84b800365,158.69.25.93,bx6bj.com
8cd63554bdbdc877e4724e8e62a624b6f1d9eac5,103.225.197.69,yhcsjc.com
8ce3f83e9253d8122d523d0e825125050f545d79,192.169.81.126,sjzas.com
8ce9eebf119e770f10f8c3983a9734df39b3406c,210.209.69.98,czlcz.cn
8ce9eebf119e770f10f8c3983a9734df39b3406c,50.117.113.222,czlcz.cn
8d1c38e9bef2c07f2d338bf9417171a0ea2dfe86,103.239.73.118,xxtb5j.com
8d1c38e9bef2c07f2d338bf9417171a0ea2dfe86,192.169.81.126,xxtb5j.com
8d9e8155c7b7d4e9f49897be507ad7cccfbf754f,103.14.102.116,291206.net
8e462b0459de9aaa04da72f15f3350d8ab3dc17b,141.8.226.58,xunm.pw
9085301d9484872c43fdfd9ce088a454be320694,47.90.13.16,lkuyn.com
90d85f3e265359ded9a9122071909d35c6e80a4d,202.108.35.224,2696223530.applinzi.com
90d85f3e265359ded9a9122071909d35c6e80a4d,202.108.35.225,2696223530.applinzi.com
90d85f3e265359ded9a9122071909d35c6e80a4d,220.181.136.27,2696223530.applinzi.com
90d85f3e265359ded9a9122071909d35c6e80a4d,220.181.136.30,2696223530.applinzi.com
90d85f3e265359ded9a9122071909d35c6e80a4d,220.181.136.41,2696223530.applinzi.com
90d85f3e265359ded9a9122071909d35c6e80a4d,220.181.136.43,2696223530.applinzi.com
90d85f3e265359ded9a9122071909d35c6e80a4d,220.181.136.55,2696223530.applinzi.com
90f3722c71c5bca2cc2f7adef2b4d47a56a58be8,50.117.113.222,sdfhjhgd.xyz
9107bee50d2ff0f0261a70d8581914fbb467639e,103.55.27.165,eldjni.cn
9107bee50d2ff0f0261a70d8581914fbb467639e,104.164.199.142,eldjni.cn
9198754197df43de7caf0cf31f750443656a20bb,103.211.125.149,hpdee.com
9198754197df43de7caf0cf31f750443656a20bb,50.63.202.83,hpdee.com
91d16a468144ee3e363eac700dbfd2d39b76b080,107.148.45.162,czlcz.cn
92217c2a1a44dbc7771b98a08af1e9f0fdb25b0e,158.69.25.93,appwsz.com
936a9dd447e120029daee5c5634d4fcac4d35afc,103.14.102.117,jhmbgj.com
940cea0b8688716d3198de82672c21d736237f66,103.55.27.165,eldjni.cn
940cea0b8688716d3198de82672c21d736237f66,104.164.199.142,eldjni.cn
94622359e51fbdd6d262587de20615d0a3c2ded1,103.239.73.118,xxtb5j.com
94622359e51fbdd6d262587de20615d0a3c2ded1,192.169.81.126,xxtb5j.com
94665f1ad6c7d408861f559741603e3d06dc5907,50.117.113.222,xsw123.xyz
94f6e518ede57d97e62309976b7e3b2f55135b02,103.214.167.84,weyur.com
950ac71d181faa95219d7068aabe0a6f3f8e33cf,110.34.168.222,jkter.com
95333db3259008432ad1f3d15ac855b50bab07e8,141.8.226.58,zjtrf.pw
95333db3259008432ad1f3d15ac855b50bab07e8,50.117.113.222,zjtrf.pw
960c0d4e14865dab07734b09c3de65ffe7327635,107.148.45.162,czlcz.cn
96b3b9b5d678473dcf58cd5c7401622f08ba295f,121.54.163.251,dertw.com
96bbd9bf04d5014b9d1e0a4a193efa121e37969d,103.239.73.109,hpdfe.com
970601a40b7a1dd5168e665ceb96842250dd6593,123.206.81.173,niuzwp.cn
970601a40b7a1dd5168e665ceb96842250dd6593,47.52.173.132,niuzwp.cn
972d631d29b75cf1b40e383adc300e263d39136e,50.117.113.222,xsw123.xyz
9787fab907d1f2da6d9d3c40c34b8b849c0c5c0e,103.214.167.76,ynht66.cn
986614840b13f621d478abda5e9927c6209e5cd1,50.63.202.87,efdgh.com
98a0ed8d3ec20caff9cb30ce54f1cc219922c4f9,96.126.99.212,jzjjwz.com
98bae8d25cc1014906a47095774af42d8982d244,121.54.163.214,sdehw.com
99434786f6e911c79c8c9393c5e9d2a364d5df2e,103.214.167.27,gweitd.com
99434786f6e911c79c8c9393c5e9d2a364d5df2e,184.168.221.68,gweitd.com
996b80e64cffb3fae9aa93740c05a64bc84912ab,107.148.45.162,czlcz.cn
996b80e64cffb3fae9aa93740c05a64bc84912ab,210.209.69.98,czlcz.cn
9a6c5db70576a067c42bf833252f9753ff2e9487,118.193.229.212,huicv.xyz
9a88c8d0a88cd9d5d496b16e38cb0a4bb15552e2,202.108.35.224,2696223530.applinzi.com
9a88c8d0a88cd9d5d496b16e38cb0a4bb15552e2,202.108.35.225,2696223530.applinzi.com
9a88c8d0a88cd9d5d496b16e38cb0a4bb15552e2,220.181.136.30,2696223530.applinzi.com
9a88c8d0a88cd9d5d496b16e38cb0a4bb15552e2,220.181.136.41,2696223530.applinzi.com
9a88c8d0a88cd9d5d496b16e38cb0a4bb15552e2,220.181.136.55,2696223530.applinzi.com
9b1024c635817b44896cea7f90e0b79bcf0e3b6f,141.8.226.58,xiaoy.pw
9b1d7cad0610974ef0b45079944283ea50b3e4dc,103.239.73.118,xxtb5j.com
9c972613a36d378757872639bc0b7fdd7eb23a38,103.55.27.165,eldjni.cn
9c972613a36d378757872639bc0b7fdd7eb23a38,104.164.199.142,eldjni.cn
9d417dacb3f0306d6a8ce967724db7a1ba3a9025,202.108.35.224,2696223530.applinzi.com
9d417dacb3f0306d6a8ce967724db7a1ba3a9025,202.108.35.225,2696223530.applinzi.com
9d417dacb3f0306d6a8ce967724db7a1ba3a9025,220.181.136.27,2696223530.applinzi.com
9d417dacb3f0306d6a8ce967724db7a1ba3a9025,220.181.136.30,2696223530.applinzi.com
9d417dacb3f0306d6a8ce967724db7a1ba3a9025,220.181.136.41,2696223530.applinzi.com
9d417dacb3f0306d6a8ce967724db7a1ba3a9025,220.181.136.43,2696223530.applinzi.com
9d417dacb3f0306d6a8ce967724db7a1ba3a9025,220.181.136.55,2696223530.applinzi.com
9db908b795b92bd4eaf1afa814a896328cd2188b,107.148.45.162,czlcz.cn
9e11c8da1c3f2f4c81e12f4cc47ad7711d3e18c3,141.8.226.58,dhake.pw
9e35c8fba4e1341fc16bb644b1a01f1dd6ca63c7,98.126.219.33,sczls.cn
9ecca075bb9021d6e37ddaa4f0f538685fdade93,103.214.167.72,efyhg.com
9f3fd96237859f7b0eef85ddd0cb9707570156d6,118.193.172.37,uisu2.xyz
9f3fd96237859f7b0eef85ddd0cb9707570156d6,50.117.113.222,uisu2.xyz
9f874274080279aa57f4407874a95cabdd03e3a8,47.91.204.96,cqhssm.cn
9f874274080279aa57f4407874a95cabdd03e3a8,47.91.205.106,cqhssm.cn
9fc8343b3a76eab9de32c981afa390914057b592,123.206.81.173,niuzwp.cn
9fc8343b3a76eab9de32c981afa390914057b592,47.52.173.132,niuzwp.cn
a0396a8915fa286f20cb0abf84dc70ea91dc4705,121.54.163.251,zliaod.com
a1544d29a1458f8ab26bd904cd4fe7af18096f37,103.55.128.6,efdgh.com
a18067bc3630c7da1103688d73f9fc52ed313b0e,50.117.113.222,xsw123.xyz
a1a30fb45ea7cd2614f0eb92b0d263fdaed37b0f,45.127.99.178,twblk.com
a1e2c1e36bd139af9d493993d8a3573d81b74517,121.54.163.251,zliaod.com
a209d4a765f9f0b2ad1314026ffde9cca5d49d65,47.90.13.16,lkuyn.com
a25c9fbe74ed4f6205ec4c1f3dc80a639379dd23,160.238.85.140,dananb.com
a267ee2f4fb91d28e7939ecaab60a43cabb656f9,50.117.113.221,xiangqingk.com
a2feab2867cf5229aee76e9e6206cc5b28d6ae50,47.91.204.96,cqhssm.cn
a2feab2867cf5229aee76e9e6206cc5b28d6ae50,47.91.205.106,cqhssm.cn
a32207ca1095246204e9e28601deb99a092f91dc,103.239.73.109,hpdfe.com
a32207ca1095246204e9e28601deb99a092f91dc,103.55.128.6,efdgh.com
a356443c82ac5b52dfd648f0ca4a3ad78ffb0756,110.34.168.222,jkter.com
a371febb9fedfab3aa7be4a6be4b1146f64a1631,103.55.128.6,efdgh.com
a3807b34ab39b4f8baa0d059d5db8d7950b3f188,103.232.215.159,zxshq.cn
a507edc031f16ab5afea473ca200d50bb175534a,108.186.238.43,cn-lifting.com.cn
a51142786edfdb44e661703a6a49bed5a913c73e,50.117.113.222,xjcge.com
a584a95b165365298086800b2f9a5188b2fc68d7,103.211.125.149,hpdee.com
a584a95b165365298086800b2f9a5188b2fc68d7,184.168.221.90,hpdee.com
a5e8cd94cc57e70962ab9efe20cca241f903ed48,103.14.102.117,nmvgfj.com
a66106619fe0ada6f6271ba11188c6c7c666b846,162.209.144.34,mewbot.com
a77d8ad0cfb456b2dda04b75ca265ee37be65d20,182.61.97.18,yeiuy.com
a8f665c1f124251dcdc6fc0c090db7961cfb55af,103.214.167.72,efyhg.com
a9dcbcdd9e5792dd1f6bb43e81768ab3062af240,45.116.78.89,azaen.cn
aa6559a5af7dc9f5aa9a74aafa8abc17acf2f493,103.14.102.116,291206.net
ab2ea4c541bd08f721c924bbfe4f8b86bf389156,103.211.125.149,hpdee.com
ab520230377813582f428f69a8e8cababf0ee50c,210.209.88.161,wgyur.com
ab520230377813582f428f69a8e8cababf0ee50c,69.64.147.36,wgyur.com
ac8e500327a2c147d7ff8c2dfb3905de64e5cb12,103.55.128.6,efdgh.com
ae9a0a7e36a9af02bbc19d1f1e20d8e2512a8fa3,47.91.204.96,cqhssm.cn
ae9a0a7e36a9af02bbc19d1f1e20d8e2512a8fa3,47.91.205.106,cqhssm.cn
af71d967e753c17741f4a21a1bf160fc65bc54d7,50.117.113.222,xsw123.xyz
af770fb91cc4f22429cd2f69fb923d0a7ce4ca02,192.169.81.126,anwokj.com
af9120f653d7cab14172189cf2db4d2b26d08aa1,103.214.167.82,xpspv.com
b0516acb70d4d3115bb9f47aadceb3dca5cc89cb,50.117.113.222,hrdcv.pw
b05b33ae8c87fcf0854a7c4d4cc3018ddb72d5d4,141.8.226.58,aszb.pw
b062b304aa0654ed7bd8c1f6e4eefcbf1ad1a26b,103.239.73.109,hpdfe.com
b0786534953348ecedad88d471126ca57413d7c5,103.239.73.118,xxtb5j.com
b0786534953348ecedad88d471126ca57413d7c5,192.169.81.126,xxtb5j.com
b0d383565bfd48fd8cec88e19826d4b2fa6eafab,160.238.85.140,dananb.com
b39c29c85511b46b8ceb5e62e01f02d0bcd30c57,45.116.78.89,yingjib.com
b3aa8fc031921428eca072cea1a08148674905e3,192.169.81.126,sjzas.com
b3aa8fc031921428eca072cea1a08148674905e3,210.209.88.56,mewbot.com
b3e10d9e7e01fec0466cf400150c4460d64d9398,103.211.125.165,byhwl.com
b3e25c63b65d8c7c6452e4dba44e844c5e2759f8,103.55.128.6,efdgh.com
b43cc3f186690a78366c033bcce363a0f29387b4,121.54.163.251,zliaod.com
b4c059c6dd287b4b31e69a41badbf829de12b5c4,113.10.149.175,bqmwk.com
b4f7a065c8bc23ed8eeb587ff4f8f499cc62d925,50.117.113.222,xsw123.xyz
b4fcb10db3c474f9c7d5ec47f7a1fa6dd1ea0666,103.55.128.6,efdgh.com
b50c94ff8ec9838ea1097314e39e327a32388e93,103.14.102.116,291206.net
b524fbe666ac45f2db616a4fdebff83d0b824cfa,192.155.182.201,6nuan.com
b57b5e93b3f9ba98e74c935a418f6367ed79ecbb,103.214.167.76,wineku.cn
b57b5e93b3f9ba98e74c935a418f6367ed79ecbb,103.214.167.76,ynht66.cn
b5dc40994cb125e3c60190476fb0f3ab1cea6447,103.239.73.109,hpdfe.com
b5ff2f0e2a2052a3e925f69fa8980511d371610f,184.168.221.93,spxvd.com
b5ff2f0e2a2052a3e925f69fa8980511d371610f,45.119.94.51,spxvd.com
b5ff2f0e2a2052a3e925f69fa8980511d371610f,50.63.202.67,spxvd.com
b60e39cc05ceee7d88ada9ff0934de97a28157ac,50.117.113.222,tifx.pw
b6d22a00013fae4fa335332eec93d9e02ec1e387,107.148.45.162,czlcz.cn
b6d22a00013fae4fa335332eec93d9e02ec1e387,210.209.69.98,czlcz.cn
b6d22a00013fae4fa335332eec93d9e02ec1e387,50.117.113.222,czlcz.cn
b7572939c0245a4ea306bc38edf58a22942e5eef,45.116.78.89,zzklia.com
b78ed06f41fcd1eccd72096dee8dd2b1f96ff952,123.57.41.38,skypoints.com.cn
b7d22e3cb89133f8213bc8b5721617af2feddd18,50.117.113.221,xiangqingk.com
b7d22e3cb89133f8213bc8b5721617af2feddd18,69.46.84.52,xiangqingk.com
b7f551781b2197178e691e892aaf72bb23b41b5d,123.57.41.38,skypoints.com.cn
b7f96a823b920963f004d9dfa8dd6a9a0305b8b8,59.110.16.44,xhhyp.com
b7f96a823b920963f004d9dfa8dd6a9a0305b8b8,60.205.58.26,xhhyp.com
b82d4e5537deb1fbbd5381ac0660cd8c4c33db25,123.57.41.38,skypoints.com.cn
b86d09eb5ed143bf7a60851e86a7e0afd6609eb8,192.169.81.126,xxtb5j.com
b88af3a6320b520e0b6f01b44958c935136afb5c,103.239.73.118,xxtb5j.com
b88af3a6320b520e0b6f01b44958c935136afb5c,192.169.81.126,xxtb5j.com
b905a7232c2070712e499a78789b3d367163dbdd,47.89.58.141,shipinff.com
ba3199513cd40294476a1e428aebb1cd63d578d6,50.117.113.222,xsw123.xyz
ba64cdf109ac5b441ea8b39d0e8847ac35b43566,103.239.73.118,xxtb5j.com
ba64cdf109ac5b441ea8b39d0e8847ac35b43566,192.169.81.126,xxtb5j.com
baba1fde86f4093c96bf85a2e4c62c9742ceaf5b,118.193.229.212,huicv.xyz
bae06ad097243d22b73cad241eff4f003ae110b4,118.193.229.212,huicv.xyz
bcb8d2a9b75db0c5682ed3c7ab4b6ff415fd2678,103.214.167.76,ynht66.cn
bd34ed7b82be430676c7270c6665e3911783bdbb,50.117.113.222,quufc.pw
bd90d6b2689ef4b2f93bf28eac47d40926ee0cd2,123.57.41.38,skypoints.com.cn
bde3ca809f67312d57428a591e58192d06fb7417,103.232.215.159,zxshq.cn
bde3ca809f67312d57428a591e58192d06fb7417,111.231.53.226,zxshq.cn
bde3ca809f67312d57428a591e58192d06fb7417,120.132.102.221,zxshq.cn
be07115437c16c42dac83a98a14fcb1350e6e621,202.108.35.224,2696223530.applinzi.com
be07115437c16c42dac83a98a14fcb1350e6e621,202.108.35.225,2696223530.applinzi.com
be07115437c16c42dac83a98a14fcb1350e6e621,220.181.136.27,2696223530.applinzi.com
be07115437c16c42dac83a98a14fcb1350e6e621,220.181.136.30,2696223530.applinzi.com
be07115437c16c42dac83a98a14fcb1350e6e621,220.181.136.41,2696223530.applinzi.com
be07115437c16c42dac83a98a14fcb1350e6e621,220.181.136.43,2696223530.applinzi.com
be07115437c16c42dac83a98a14fcb1350e6e621,220.181.136.55,2696223530.applinzi.com
be21cb0cc054f3c13729eaae078a09ce859a9f23,103.225.197.69,yhcsjc.com
be21cb0cc054f3c13729eaae078a09ce859a9f23,104.216.136.199,yhcsjc.com
be81a430902b6b08387a19c3ae80ecbdbb02cc96,98.124.204.16,xyltll.com
bf338239edff1596f5ba323cffa116bf9b2ce549,107.148.45.162,czlcz.cn
bfc057b8f3cb447590f7c606904f95b7fc4b5650,118.193.229.212,huicv.xyz
bfc715e4c935a91f466f61d92f1842838667b03e,118.193.171.196,nuio8.xyz
c0070017a73f860aaf41ea23ab58ba263ace671e,47.90.3.32,xmxyt.com.cn
c0070017a73f860aaf41ea23ab58ba263ace671e,47.91.204.96,cqhssm.cn
c0070017a73f860aaf41ea23ab58ba263ace671e,47.91.205.106,cqhssm.cn
c084285d11ce5859ef4d36e5ebf38f75ba6ecb14,118.193.229.212,huicv.xyz
c0918842f0b8e127ce889acba6d7384b2a24e48f,141.8.226.58,xuus.pw
c109373ab24c37a9d391b828c01b3523639a690d,118.193.172.60,xsw123.xyz
c2305ccb5e1a21d4c3231f4be6fac9f7561b74fe,175.41.17.69,ezflao.pw
c25b6b6c901dd23f3abf765138ab494cff5e4a50,103.214.167.76,wineku.cn
c25b6b6c901dd23f3abf765138ab494cff5e4a50,103.214.167.76,ynht66.cn
c2981abbc8e40f027d64fa9bc80cae5e5aad0916,50.117.113.222,xsw123.xyz
c394a5aaac93c34bd5fb561ac0bb67ed5805be6d,50.117.113.222,zjtrf.pw
c412a06a52f0bdc10bf8c5058cc010576b01fa1c,103.48.171.196,bbrsn.cn
c412a06a52f0bdc10bf8c5058cc010576b01fa1c,116.255.178.249,bbrsn.cn
c4d02fa9ef59702c00f9655a31d3323330958f71,122.9.7.20,ck2gs.com
c4d02fa9ef59702c00f9655a31d3323330958f71,158.69.25.93,ck2gs.com
c51d16da78c3302e61dbd10d5a12e4b70e7b1748,121.54.163.217,sdfge.com
c62415d8fc560cd6a5bcf54506cb5b9dc9eeee36,121.54.163.251,dertw.com
c65cf5cb19623d5b579be2b9ecef581fbf9a7d29,103.239.73.118,xxtb5j.com
c65cf5cb19623d5b579be2b9ecef581fbf9a7d29,192.169.81.126,xxtb5j.com
c65cf5cb19623d5b579be2b9ecef581fbf9a7d29,47.90.48.240,jztsz.cn
c844a154c3fd55c8c11df05420aa261c0278d358,50.117.113.222,sdfhjhgd.xyz
c862a2e63e90f2c05b19cbb0cbd05d2ed337bcb6,121.54.163.217,sdfge.com
c894df79e6d9c6c6cc74402013c2c0d1cac701a4,141.8.226.58,xiaoy.pw
c99d0824ccf8392a44c05f444887e47f34b1433a,96.126.99.212,jzjjwz.com
ca03ace903f7f2abaf5afcd07c77d95639a44f8d,119.28.41.111,mianfeihu.cn
ca1be4fd56ddcf65cdf3dd75b3e0ec68369e44b8,45.116.78.89,yingjib.com
ca2fe035359b14c4585f24f001ef803443da901f,118.193.229.210,76j76je.club
ca6a16687c4585bcd2772583433e2ccddb9c664b,101.200.163.103,idaiezaocan.com.cn
caa517734055ca8cc55bf1fa40c6e9fa03749481,121.54.163.217,sdfge.com
cb2d3df12cd2cb08a5f86a53ebf0aeb52f36fd12,192.169.81.126,xxtb5j.com
cb827de8dde28b230790b49d683da702525a5fe6,121.54.163.251,zliaod.com
cbc6ed24a87019af61e9bbed136fa0305e432b0f,192.169.81.126,anwokj.com
cbeb6494b7ff91813753df3b4b1e205dd19abc1a,103.55.27.165,eldjni.cn
cbeb6494b7ff91813753df3b4b1e205dd19abc1a,104.164.199.142,eldjni.cn
cbf81550f2e2958c4839e1a45d79088ebf460de4,103.214.167.76,wineku.cn
cc869ffcfd9207f27315fd84e40dd4a6a9f16dff,103.214.167.76,ynht66.cn
cc9048b55baa5a9d7f86a15c2a87ae58a78be79c,103.14.102.116,291206.net
cce25369c81b6384732be0b7cc38c355382ab66e,45.116.78.89,zzklia.com
cd0dcf10e59bd50a7e7cf7e2c4cc784bc61d87a2,123.1.190.200,cdyfcc.com
cd3ebe6df8d3064324f2e5f72f17c6e07c0306c8,103.55.128.6,efdgh.com
cd97444ae211a87c158596701532a14b6d29449f,50.117.113.222,ghophy.com
ce5e964d676af30d2bbd49d504fb59aa59503c43,103.14.102.117,nfhfgv.com
ce703524853eac9e63ce5703a6ab0cfefdb7f82e,67.198.188.32,ewangqiye.cn
ce745aab4f39d8c4c188bee97d9494c0b2e1725b,103.214.167.76,ynht66.cn
ce76e4205bb31c2d959e7b3a94c789c6b92ce628,45.119.94.51,spxvd.com
ceab8aeb1b7d2647b72b1245f67395d123d98694,210.209.69.98,miozs.cn
cf07aca0c8dc340dedddf9a5c00e178278a6a647,160.238.85.140,dananb.com
cf07aca0c8dc340dedddf9a5c00e178278a6a647,184.168.221.83,dananb.com
cfcaad0f3851d847e1a49882d87210a7dcde6e38,103.214.167.76,wineku.cn
cfcaad0f3851d847e1a49882d87210a7dcde6e38,103.214.167.76,ynht66.cn
cfdf9bc1cf123c2c29390ea8a339c1f3eca6b36b,103.239.73.109,hpdfe.com
d00ef3b75b92e88bdc356f2e02a7b1a903a85194,121.50.170.144,ayxydz.com
d00ef3b75b92e88bdc356f2e02a7b1a903a85194,121.50.170.144,pakhyk.pw
d0ef308a680aaea6792d0a9bf02d5797a9fe27c1,103.55.128.6,efdgh.com
d0ef308a680aaea6792d0a9bf02d5797a9fe27c1,50.63.202.76,efdgh.com
d0ef308a680aaea6792d0a9bf02d5797a9fe27c1,50.63.202.83,efdgh.com
d22371d421841a22af2f1ca91bf1d8d6e2fa0627,141.8.226.58,dhake.pw
d24b71a5ecd0ce140f5189e1d91f98e1fc39409b,103.239.73.118,xxtb5j.com
d29c617d7d5fbebb8ced68c1a20576284e4bd964,123.57.41.38,skypoints.com.cn
d2a19aac2c272dfc9b69983bfbba987942331997,103.214.167.76,wineku.cn
d2a19aac2c272dfc9b69983bfbba987942331997,103.214.167.76,ynht66.cn
d2fbf4712a3a5b929e070bd80ad95151ab62f766,69.46.84.52,xiangqingk.com
d336bfb90b8f57db125ab5b984091fdfd552839f,158.69.25.93,dx3zp.com
d35fc44580897589e035f67eac00d76f72490c93,103.211.125.149,hpdee.com
d3a3c45a046df49fa10dad04fa8bbd3ed1ede2d1,103.214.167.76,wineku.cn
d3a3c45a046df49fa10dad04fa8bbd3ed1ede2d1,103.214.167.76,ynht66.cn
d3ba0267faa93d6b0a9ba0af719340d117a608bd,103.48.171.196,bbrsn.cn
d3ba0267faa93d6b0a9ba0af719340d117a608bd,116.255.178.249,bbrsn.cn
d3ba0267faa93d6b0a9ba0af719340d117a608bd,50.117.113.220,bbrsn.cn
d402592a9b3d5da1e3b64a702a6de397715b04e4,96.126.99.212,jzjjwz.com
d41ab53f113b5abb2f72f5b465a84b368901a191,47.91.204.96,cqhssm.cn
d41ab53f113b5abb2f72f5b465a84b368901a191,47.91.205.106,cqhssm.cn
d46a17ac8010adfac1c8087d198daef694e36ad4,103.55.128.6,efdgh.com
d46a17ac8010adfac1c8087d198daef694e36ad4,50.63.202.76,efdgh.com
d47f5864912b3ae237b1a77e427a4bc82f850aa5,121.50.170.144,pakhyk.pw
d4a77c723d8928ef83bf56ec9c5a4a1853184269,45.127.99.178,twblk.com
d4abe86a78e2d8900bc7b76c354dbe96dd4b818a,103.214.167.76,wineku.cn
d4f8f02c0bed5aafadbc36656f469384e5dba51a,69.46.84.52,ngjhfg.com
d6b5da3d45b959b9ddfe5699d4c7ace93e7823ab,192.169.81.126,xxtb5j.com
d6e4fadcd80ab16976ce44e696afd5f067554d7c,103.14.102.116,291206.net
d797c8e56ef530dc76e0d5fba69e5c368449e275,158.69.25.93,dx3zp.com
d81cd1907df04a7a1cfd3d0f71f42d006997c6ff,50.117.113.221,bfhfgc.com
d845bb831e6eefb74977e5e4807826c12c5d6dc5,141.8.226.58,dhake.pw
d8ab981adc665967316258b5e2c8c6d9542232ea,103.214.167.76,ynht66.cn
d8eb9f5cc5290c83dd5795f69e4f924e262100b6,45.116.78.89,yingjib.com
d962885fbfe23435e568efc4a60d01e6b2467494,69.46.84.52,ngjhfg.com
d9834192059961ec3bba98f93754bad47c712942,118.193.229.212,huicv.xyz
d9ab38fce405021292ae610e40f1340b6bb057a6,158.69.25.93,dx3zp.com
d9bbafffcfd3a11a78882176d54c7802eae8f8a4,23.110.241.185,zfj6zl.com
d9bbafffcfd3a11a78882176d54c7802eae8f8a4,58.64.156.154,zfj6zl.com
da31d41f541375815d15a2b85634cfc18b7637dc,98.124.204.16,xyltll.com
da37495627c902a87008f4d47a38c3f46170ba09,103.55.128.6,efdgh.com
da642e0932ac187ed0a02c2738dab15b3b78ff57,121.54.163.251,zliaod.com
db1af21c2000969d7c660118fc39fa3c553aa155,98.124.204.16,jnxza.com
dc4cc0cf5157cc493052f8b12312a0f3a058125f,50.117.113.222,quufc.pw
dddf3e6e721ace94984665c9c0a36cac482db4cf,45.116.78.89,azaen.cn
de3e3f22cf5f6eda26fd62f35bc67ae8ac70a4e4,108.186.34.205,8818ka.cn
de52d61d2b04dd325c0cd9a2ce3b076a0323457f,98.124.204.16,jnxza.com
e0eb5e5f7228adf8eb4ba6bc17f4bf14879a58ab,158.69.25.93,bx6bj.com
e17f4bd130d2a7247fe767356f9bb558a68e0fe6,103.51.144.83,fscjd.cc
e1be56f6d282a2f48fa3854701b019e29cab9bce,103.211.125.149,hpdee.com
e29b6afbc28b7dcfbca1c699e270fcd4704265a1,158.69.25.93,appwzd.com
e2d1d950fa2cb674e9e257d266bcfd4a85a17d70,141.8.226.58,dhake.pw
e38e5d5b91cbf6d1c14621d14f698508ccac1935,184.168.221.76,seftw.com
e38e5d5b91cbf6d1c14621d14f698508ccac1935,45.250.199.201,seftw.com
e47b99b921c7b6513296b421c3b0f4eaea1ac9f1,50.117.113.222,nmio2.xyz
e4ce24b2bbec384e7ba4ce25cfbf47ad23b4885a,141.8.226.58,dhake.pw
e5209c5a0a5655f6802dc6cc19ed205a2cf6451f,50.117.113.222,hrdcv.pw
e60379a3ba863b300373e2c600f8c72bdf3e091f,141.8.226.58,xiaoy.pw
e61e0306dd4416c99a7823c03654659496bef8ad,103.232.215.159,zxshq.cn
e61e0306dd4416c99a7823c03654659496bef8ad,111.231.53.226,zxshq.cn
e61e0306dd4416c99a7823c03654659496bef8ad,120.132.102.221,zxshq.cn
e8700f221b9a520078eafca2e7ec38d56c681053,45.116.78.89,yingjib.com
e885b99ad97ac96d7c5c8463d8eba5ded90fab76,141.8.226.58,dhake.pw
e89da20064475ca32227b6926386eb35edaa7200,98.124.204.16,jnxza.com
e934d433f4930f4d7431eb488020983ec74161df,103.214.167.76,ynht66.cn
ea37b1aad05d2e1a6f80e57f8091393cbd1391e1,107.148.45.162,czlcz.cn
ec2e1682879bd4d6d2caa947c15ad712b81c006e,103.254.75.124,8818ka.cn
ecc8af340fbee9eeb914ce883550db9276c45d2b,103.225.197.69,yhcsjc.com
ecc8af340fbee9eeb914ce883550db9276c45d2b,104.216.136.199,yhcsjc.com
ed9d7bc2abbed583dc0f90a5950b89dc0e508a63,107.148.45.162,czlcz.cn
ee5857edbefd77576baa1c942a585aba24aaff3d,118.193.229.212,huicv.xyz
ef9ba71a3065d37ff55b5606194f5fdf66d796c6,182.61.97.18,yeiuy.com
efd5b50851a193a36cb6de3fd6ad13eabec1a477,108.186.34.205,8818ka.cn
efd7e59c440b6139ebdebb7479d518cbfb59c210,103.214.167.72,efyhg.com
f04a5865980d767d358e692a68944d3928c0e8ab,118.193.172.60,xsw123.xyz
f117a17f94195afc1c53b3ef1b426b20a9418141,45.116.78.89,ydhlnn.com
f11adaedfa0c55ce6710ddf3c1f883cea308b7fc,103.239.73.109,hpdfe.com
f123677b7845b0d1d19bf8b335581e1145830736,50.117.113.222,xxtos.com
f1ac78ab7fb0bc686552a695b3f7bb9cabae4e66,103.214.167.76,ynht66.cn
f2779773cedf0abc36625cc63c1deeb8903521d1,216.99.156.67,njuhk.com
f2779773cedf0abc36625cc63c1deeb8903521d1,45.121.213.90,njuhk.com
f3625bb1742dcdb6041c9292aa0ee90136c49fbc,50.117.113.222,ghophy.com
f38bd87206ec7c41ebd11920c12c976fcc4aea5f,108.186.238.43,cn-lifting.com.cn
f427637c4c49f9f332e1256892bb214d4d7a80a3,23.27.98.232,qingtieggj.com
f4b3c8a5776de65ef2b15bba78fef70ead0d90fa,45.116.78.89,xjcge.com
f65ae7867d493c7b5ce38ce71bade6b879a22e04,160.238.85.140,dananb.com
f67f7a6b1f10be9338fbe1daaa3f18c43e1ae4fe,50.117.113.222,vxxng.com
f72bea1aeb563a740f6a6ece869e433f9200b9b0,103.232.215.159,zxshq.cn
f72bea1aeb563a740f6a6ece869e433f9200b9b0,111.231.53.226,zxshq.cn
f72bea1aeb563a740f6a6ece869e433f9200b9b0,120.132.102.221,zxshq.cn
f849a2b1061f71d63827c073a9f976501634c46a,158.69.25.93,uiijg.com
f85fccce35ce2c30ed4a0ee3a0e4a1646ce7bbfd,96.126.99.212,jzjjwz.com
f8a44c34ca93ab8449401a3f7593bde1e44257ce,50.117.113.221,xiangqingk.com
f937fc8c9b718f70ae962177905f5e15f0ad5127,98.124.204.16,ceiui.com
f97cc0379f49c90a4eb8c0a54bc3308a4b6734e2,121.54.163.251,zliaod.com
f9a3b0a17ea8fdddceaaac254dd37472a0a9becb,210.209.88.161,wgyur.com
f9a3b0a17ea8fdddceaaac254dd37472a0a9becb,69.64.147.36,wgyur.com
f9a3b0a17ea8fdddceaaac254dd37472a0a9becb,69.64.147.46,wgyur.com
fa15af3d7f469ed4d34a87632d61cab0a3d53848,121.54.163.251,dertw.com
fa2a11e3bc59d3620a326e3cab85fcc18d946aeb,98.124.204.16,jnxza.com
fa3109463844ac2c4fc1ebc7c811e33b7bb4b263,98.124.199.27,omjuh.com
fa5fe155610ab24cbc3bf9784e922a3063ddea3c,216.99.156.67,njuhk.com
fa5fe155610ab24cbc3bf9784e922a3063ddea3c,45.121.213.90,njuhk.com
fa5fe155610ab24cbc3bf9784e922a3063ddea3c,98.124.199.27,omjuh.com
fa84a0e6fe453eed59344e26ff635c1a61e1811c,118.193.229.212,huicv.xyz
fb0507bc5bad375ad3ffdbb51ef335db4b74a255,141.8.226.58,dhake.pw
fb5d9af3379cf1ea5536f449180291ca3f1464f7,45.127.99.178,twblk.com
fc91236b84ee58c8571eeaf29ade0c87ea652526,23.245.75.134,tsyrjy.com
fc91236b84ee58c8571eeaf29ade0c87ea652526,23.88.142.213,tsyrjy.com
fd155be166d79e48eb262fb5176fc78578a14337,45.127.99.178,twblk.com
fd4d4db7dafb2205f9bcd95d45a2965a3d746be5,162.209.142.103,gtyfh.com
fd763aeaef47352ab0cb53069f7e3dfb611fa978,50.117.113.222,vxxng.com
fe13f50aea1a5a8f0326597f267aa975b2266a5b,45.116.78.89,ydhlnn.com
fecb7d75f1d3bcf946137ba9e212e5a63412a7d5,103.75.15.174,hajiw.com
fecb7d75f1d3bcf946137ba9e212e5a63412a7d5,184.168.221.81,hajiw.com
fecb7d75f1d3bcf946137ba9e212e5a63412a7d5,50.63.202.77,hajiw.com
feea7ee17ada3525a19d8f4851bb941818105455,50.117.113.221,xiangqingk.com
feea7ee17ada3525a19d8f4851bb941818105455,69.46.84.52,xiangqingk.com
ff10e0077cd2660b62722d4ff51ad0837a277fdf,110.34.168.222,jkter.com
ff595349b388eeb157834bd711c244f0d35e95ae,45.119.94.51,spxvd.com
ff84e185e79e3cbad9f497a7af09230bd7de97db,103.239.73.109,hpdfe.com
